100000000,poly_A Site 0 SiteType L_a
100000001,poly_A Site 1 SiteType L_a
100000002,poly_A Site 2 SiteType A
100000003,poly_A Site 3 SiteType L_a
100000004,poly_A Site 4 SiteType L_a
100000005,poly_A Site 5 SiteType L_a
100000006,poly_A Site 6 SiteType A
100000007,poly_A Site 7 SiteType L_a
100000008,poly_A Site 8 SiteType L_a
100000009,poly_A Site 9 SiteType L_a
100000010,poly_A Site 10 SiteType A
100000011,poly_A Site 11 SiteType L_a
100000012,poly_A Site 12 SiteType L_a
100000013,poly_A Site 13 SiteType L_a
100000014,poly_A Site 14 SiteType A
100000015,poly_A Site 15 SiteType L_a
100000016,poly_A Site 16 SiteType L_a
100000017,poly_A Site 17 SiteType L_a
100000018,poly_A Site 18 SiteType A
100000019,poly_A Site 19 SiteType L_a
100000020,poly_A Site 20 SiteType L_a
100000021,poly_A Site 21 SiteType L_a
100000022,poly_A Site 22 SiteType A
100000023,poly_A Site 23 SiteType L_a
100000024,poly_A Site 24 SiteType L_a
100000025,poly_A Site 25 SiteType L_a
100000026,poly_A Site 26 SiteType A
100000027,poly_A Site 27 SiteType L_a
100000028,poly_A Site 28 SiteType L_a
100000029,poly_A Site 29 SiteType L_a
100000030,poly_A Site 30 SiteType A
100000031,poly_A Site 31 SiteType L_a
100010000,poly_A Site 0 SiteType L_a
100010001,poly_A Site 1 SiteType L_a
100010002,poly_A Site 2 SiteType A
100010003,poly_A Site 3 SiteType L_a
100010004,poly_A Site 4 SiteType L_a
100010005,poly_A Site 5 SiteType L_a
100010006,poly_A Site 6 SiteType A
100010007,poly_A Site 7 SiteType L_a
100010008,poly_A Site 8 SiteType L_a
100010009,poly_A Site 9 SiteType L_a
100010010,poly_A Site 10 SiteType A
100010011,poly_A Site 11 SiteType L_a
100010012,poly_A Site 12 SiteType L_a
100010013,poly_A Site 13 SiteType L_a
100010014,poly_A Site 14 SiteType A
100010015,poly_A Site 15 SiteType L_a
100010016,poly_A Site 16 SiteType L_a
100010017,poly_A Site 17 SiteType L_a
100010018,poly_A Site 18 SiteType A
100010019,poly_A Site 19 SiteType L_a
100010020,poly_A Site 20 SiteType L_a
100010021,poly_A Site 21 SiteType L_a
100010022,poly_A Site 22 SiteType A
100010023,poly_A Site 23 SiteType L_a
100010024,poly_A Site 24 SiteType L_a
100010025,poly_A Site 25 SiteType L_a
100010026,poly_A Site 26 SiteType A
100010027,poly_A Site 27 SiteType L_a
100010028,poly_A Site 28 SiteType L_a
100010029,poly_A Site 29 SiteType L_a
100010030,poly_A Site 30 SiteType A
100010031,poly_A Site 31 SiteType L_a
100020000,poly_A Site 0 SiteType L_a
100020001,poly_A Site 1 SiteType L_a
100020002,poly_A Site 2 SiteType A
100020003,poly_A Site 3 SiteType L_a
100020004,poly_A Site 4 SiteType L_a
100020005,poly_A Site 5 SiteType L_a
100020006,poly_A Site 6 SiteType A
100020007,poly_A Site 7 SiteType L_a
100020008,poly_A Site 8 SiteType L_a
100020009,poly_A Site 9 SiteType L_a
100020010,poly_A Site 10 SiteType A
100020011,poly_A Site 11 SiteType L_a
100020012,poly_A Site 12 SiteType L_a
100020013,poly_A Site 13 SiteType L_a
100020014,poly_A Site 14 SiteType A
100020015,poly_A Site 15 SiteType L_a
100020016,poly_A Site 16 SiteType L_a
100020017,poly_A Site 17 SiteType L_a
100020018,poly_A Site 18 SiteType A
100020019,poly_A Site 19 SiteType L_a
100020020,poly_A Site 20 SiteType L_a
100020021,poly_A Site 21 SiteType L_a
100020022,poly_A Site 22 SiteType A
100020023,poly_A Site 23 SiteType L_a
100020024,poly_A Site 24 SiteType L_a
100020025,poly_A Site 25 SiteType L_a
100020026,poly_A Site 26 SiteType A
100020027,poly_A Site 27 SiteType L_a
100020028,poly_A Site 28 SiteType L_a
100020029,poly_A Site 29 SiteType L_a
100020030,poly_A Site 30 SiteType A
100020031,poly_A Site 31 SiteType L_a
100030000,poly_A Site 0 SiteType L_a
100030001,poly_A Site 1 SiteType L_a
100030002,poly_A Site 2 SiteType A
100030003,poly_A Site 3 SiteType L_a
100030004,poly_A Site 4 SiteType L_a
100030005,poly_A Site 5 SiteType L_a
100030006,poly_A Site 6 SiteType A
100030007,poly_A Site 7 SiteType L_a
100030008,poly_A Site 8 SiteType L_a
100030009,poly_A Site 9 SiteType L_a
100030010,poly_A Site 10 SiteType A
100030011,poly_A Site 11 SiteType L_a
100030012,poly_A Site 12 SiteType L_a
100030013,poly_A Site 13 SiteType L_a
100030014,poly_A Site 14 SiteType A
100030015,poly_A Site 15 SiteType L_a
100030016,poly_A Site 16 SiteType L_a
100030017,poly_A Site 17 SiteType L_a
100030018,poly_A Site 18 SiteType A
100030019,poly_A Site 19 SiteType L_a
100030020,poly_A Site 20 SiteType L_a
100030021,poly_A Site 21 SiteType L_a
100030022,poly_A Site 22 SiteType A
100030023,poly_A Site 23 SiteType L_a
100030024,poly_A Site 24 SiteType L_a
100030025,poly_A Site 25 SiteType L_a
100030026,poly_A Site 26 SiteType A
100030027,poly_A Site 27 SiteType L_a
100030028,poly_A Site 28 SiteType L_a
100030029,poly_A Site 29 SiteType L_a
100030030,poly_A Site 30 SiteType A
100030031,poly_A Site 31 SiteType L_a
100040000,poly_A Site 0 SiteType L_a
100040001,poly_A Site 1 SiteType L_a
100040002,poly_A Site 2 SiteType A
100040003,poly_A Site 3 SiteType L_a
100040004,poly_A Site 4 SiteType L_a
100040005,poly_A Site 5 SiteType L_a
100040006,poly_A Site 6 SiteType A
100040007,poly_A Site 7 SiteType L_a
100040008,poly_A Site 8 SiteType L_a
100040009,poly_A Site 9 SiteType L_a
100040010,poly_A Site 10 SiteType A
100040011,poly_A Site 11 SiteType L_a
100040012,poly_A Site 12 SiteType L_a
100040013,poly_A Site 13 SiteType L_a
100040014,poly_A Site 14 SiteType A
100040015,poly_A Site 15 SiteType L_a
100040016,poly_A Site 16 SiteType L_a
100040017,poly_A Site 17 SiteType L_a
100040018,poly_A Site 18 SiteType A
100040019,poly_A Site 19 SiteType L_a
100040020,poly_A Site 20 SiteType L_a
100040021,poly_A Site 21 SiteType L_a
100040022,poly_A Site 22 SiteType A
100040023,poly_A Site 23 SiteType L_a
100040024,poly_A Site 24 SiteType L_a
100040025,poly_A Site 25 SiteType L_a
100040026,poly_A Site 26 SiteType A
100040027,poly_A Site 27 SiteType L_a
100040028,poly_A Site 28 SiteType L_a
100040029,poly_A Site 29 SiteType L_a
100040030,poly_A Site 30 SiteType A
100040031,poly_A Site 31 SiteType L_a
100050000,poly_A Site 0 SiteType L_a
100050001,poly_A Site 1 SiteType L_a
100050002,poly_A Site 2 SiteType A
100050003,poly_A Site 3 SiteType L_a
100050004,poly_A Site 4 SiteType L_a
100050005,poly_A Site 5 SiteType L_a
100050006,poly_A Site 6 SiteType A
100050007,poly_A Site 7 SiteType L_a
100050008,poly_A Site 8 SiteType L_a
100050009,poly_A Site 9 SiteType L_a
100050010,poly_A Site 10 SiteType A
100050011,poly_A Site 11 SiteType L_a
100050012,poly_A Site 12 SiteType L_a
100050013,poly_A Site 13 SiteType L_a
100050014,poly_A Site 14 SiteType A
100050015,poly_A Site 15 SiteType L_a
100050016,poly_A Site 16 SiteType L_a
100050017,poly_A Site 17 SiteType L_a
100050018,poly_A Site 18 SiteType A
100050019,poly_A Site 19 SiteType L_a
100050020,poly_A Site 20 SiteType L_a
100050021,poly_A Site 21 SiteType L_a
100050022,poly_A Site 22 SiteType A
100050023,poly_A Site 23 SiteType L_a
100050024,poly_A Site 24 SiteType L_a
100050025,poly_A Site 25 SiteType L_a
100050026,poly_A Site 26 SiteType A
100050027,poly_A Site 27 SiteType L_a
100050028,poly_A Site 28 SiteType L_a
100050029,poly_A Site 29 SiteType L_a
100050030,poly_A Site 30 SiteType A
100050031,poly_A Site 31 SiteType L_a
100060000,poly_A Site 0 SiteType L_a
100060001,poly_A Site 1 SiteType L_a
100060002,poly_A Site 2 SiteType A
100060003,poly_A Site 3 SiteType L_a
100060004,poly_A Site 4 SiteType L_a
100060005,poly_A Site 5 SiteType L_a
100060006,poly_A Site 6 SiteType A
100060007,poly_A Site 7 SiteType L_a
100060008,poly_A Site 8 SiteType L_a
100060009,poly_A Site 9 SiteType L_a
100060010,poly_A Site 10 SiteType A
100060011,poly_A Site 11 SiteType L_a
100060012,poly_A Site 12 SiteType L_a
100060013,poly_A Site 13 SiteType L_a
100060014,poly_A Site 14 SiteType A
100060015,poly_A Site 15 SiteType L_a
100060016,poly_A Site 16 SiteType L_a
100060017,poly_A Site 17 SiteType L_a
100060018,poly_A Site 18 SiteType A
100060019,poly_A Site 19 SiteType L_a
100060020,poly_A Site 20 SiteType L_a
100060021,poly_A Site 21 SiteType L_a
100060022,poly_A Site 22 SiteType A
100060023,poly_A Site 23 SiteType L_a
100060024,poly_A Site 24 SiteType L_a
100060025,poly_A Site 25 SiteType L_a
100060026,poly_A Site 26 SiteType A
100060027,poly_A Site 27 SiteType L_a
100060028,poly_A Site 28 SiteType L_a
100060029,poly_A Site 29 SiteType L_a
100060030,poly_A Site 30 SiteType A
100060031,poly_A Site 31 SiteType L_a
100070000,poly_A Site 0 SiteType L_a
100070001,poly_A Site 1 SiteType L_a
100070002,poly_A Site 2 SiteType A
100070003,poly_A Site 3 SiteType L_a
100070004,poly_A Site 4 SiteType L_a
100070005,poly_A Site 5 SiteType L_a
100070006,poly_A Site 6 SiteType A
100070007,poly_A Site 7 SiteType L_a
100070008,poly_A Site 8 SiteType L_a
100070009,poly_A Site 9 SiteType L_a
100070010,poly_A Site 10 SiteType A
100070011,poly_A Site 11 SiteType L_a
100070012,poly_A Site 12 SiteType L_a
100070013,poly_A Site 13 SiteType L_a
100070014,poly_A Site 14 SiteType A
100070015,poly_A Site 15 SiteType L_a
100070016,poly_A Site 16 SiteType L_a
100070017,poly_A Site 17 SiteType L_a
100070018,poly_A Site 18 SiteType A
100070019,poly_A Site 19 SiteType L_a
100070020,poly_A Site 20 SiteType L_a
100070021,poly_A Site 21 SiteType L_a
100070022,poly_A Site 22 SiteType A
100070023,poly_A Site 23 SiteType L_a
100070024,poly_A Site 24 SiteType L_a
100070025,poly_A Site 25 SiteType L_a
100070026,poly_A Site 26 SiteType A
100070027,poly_A Site 27 SiteType L_a
100070028,poly_A Site 28 SiteType L_a
100070029,poly_A Site 29 SiteType L_a
100070030,poly_A Site 30 SiteType A
100070031,poly_A Site 31 SiteType L_a
100080000,poly_A Site 0 SiteType L_a
100080001,poly_A Site 1 SiteType L_a
100080002,poly_A Site 2 SiteType A
100080003,poly_A Site 3 SiteType L_a
100080004,poly_A Site 4 SiteType L_a
100080005,poly_A Site 5 SiteType L_a
100080006,poly_A Site 6 SiteType A
100080007,poly_A Site 7 SiteType L_a
100080008,poly_A Site 8 SiteType L_a
100080009,poly_A Site 9 SiteType L_a
100080010,poly_A Site 10 SiteType A
100080011,poly_A Site 11 SiteType L_a
100080012,poly_A Site 12 SiteType L_a
100080013,poly_A Site 13 SiteType L_a
100080014,poly_A Site 14 SiteType A
100080015,poly_A Site 15 SiteType L_a
100080016,poly_A Site 16 SiteType L_a
100080017,poly_A Site 17 SiteType L_a
100080018,poly_A Site 18 SiteType A
100080019,poly_A Site 19 SiteType L_a
100080020,poly_A Site 20 SiteType L_a
100080021,poly_A Site 21 SiteType L_a
100080022,poly_A Site 22 SiteType A
100080023,poly_A Site 23 SiteType L_a
100080024,poly_A Site 24 SiteType L_a
100080025,poly_A Site 25 SiteType L_a
100080026,poly_A Site 26 SiteType A
100080027,poly_A Site 27 SiteType L_a
100080028,poly_A Site 28 SiteType L_a
100080029,poly_A Site 29 SiteType L_a
100080030,poly_A Site 30 SiteType A
100080031,poly_A Site 31 SiteType L_a
100090000,poly_A Site 0 SiteType L_a
100090001,poly_A Site 1 SiteType L_a
100090002,poly_A Site 2 SiteType A
100090003,poly_A Site 3 SiteType L_a
100090004,poly_A Site 4 SiteType L_a
100090005,poly_A Site 5 SiteType L_a
100090006,poly_A Site 6 SiteType A
100090007,poly_A Site 7 SiteType L_a
100090008,poly_A Site 8 SiteType L_a
100090009,poly_A Site 9 SiteType L_a
100090010,poly_A Site 10 SiteType A
100090011,poly_A Site 11 SiteType L_a
100090012,poly_A Site 12 SiteType L_a
100090013,poly_A Site 13 SiteType L_a
100090014,poly_A Site 14 SiteType A
100090015,poly_A Site 15 SiteType L_a
100090016,poly_A Site 16 SiteType L_a
100090017,poly_A Site 17 SiteType L_a
100090018,poly_A Site 18 SiteType A
100090019,poly_A Site 19 SiteType L_a
100090020,poly_A Site 20 SiteType L_a
100090021,poly_A Site 21 SiteType L_a
100090022,poly_A Site 22 SiteType A
100090023,poly_A Site 23 SiteType L_a
100090024,poly_A Site 24 SiteType L_a
100090025,poly_A Site 25 SiteType L_a
100090026,poly_A Site 26 SiteType A
100090027,poly_A Site 27 SiteType L_a
100090028,poly_A Site 28 SiteType L_a
100090029,poly_A Site 29 SiteType L_a
100090030,poly_A Site 30 SiteType A
100090031,poly_A Site 31 SiteType L_a
100100000,poly_A Site 0 SiteType L_a
100100001,poly_A Site 1 SiteType L_a
100100002,poly_A Site 2 SiteType A
100100003,poly_A Site 3 SiteType L_a
100100004,poly_A Site 4 SiteType L_a
100100005,poly_A Site 5 SiteType L_a
100100006,poly_A Site 6 SiteType A
100100007,poly_A Site 7 SiteType L_a
100100008,poly_A Site 8 SiteType L_a
100100009,poly_A Site 9 SiteType L_a
100100010,poly_A Site 10 SiteType A
100100011,poly_A Site 11 SiteType L_a
100100012,poly_A Site 12 SiteType L_a
100100013,poly_A Site 13 SiteType L_a
100100014,poly_A Site 14 SiteType A
100100015,poly_A Site 15 SiteType L_a
100100016,poly_A Site 16 SiteType L_a
100100017,poly_A Site 17 SiteType L_a
100100018,poly_A Site 18 SiteType A
100100019,poly_A Site 19 SiteType L_a
100100020,poly_A Site 20 SiteType L_a
100100021,poly_A Site 21 SiteType L_a
100100022,poly_A Site 22 SiteType A
100100023,poly_A Site 23 SiteType L_a
100100024,poly_A Site 24 SiteType L_a
100100025,poly_A Site 25 SiteType L_a
100100026,poly_A Site 26 SiteType A
100100027,poly_A Site 27 SiteType L_a
100100028,poly_A Site 28 SiteType L_a
100100029,poly_A Site 29 SiteType L_a
100100030,poly_A Site 30 SiteType A
100100031,poly_A Site 31 SiteType L_a
100110000,poly_A Site 0 SiteType L_a
100110001,poly_A Site 1 SiteType L_a
100110002,poly_A Site 2 SiteType A
100110003,poly_A Site 3 SiteType L_a
100110004,poly_A Site 4 SiteType L_a
100110005,poly_A Site 5 SiteType L_a
100110006,poly_A Site 6 SiteType A
100110007,poly_A Site 7 SiteType L_a
100110008,poly_A Site 8 SiteType L_a
100110009,poly_A Site 9 SiteType L_a
100110010,poly_A Site 10 SiteType A
100110011,poly_A Site 11 SiteType L_a
100110012,poly_A Site 12 SiteType L_a
100110013,poly_A Site 13 SiteType L_a
100110014,poly_A Site 14 SiteType A
100110015,poly_A Site 15 SiteType L_a
100110016,poly_A Site 16 SiteType L_a
100110017,poly_A Site 17 SiteType L_a
100110018,poly_A Site 18 SiteType A
100110019,poly_A Site 19 SiteType L_a
100110020,poly_A Site 20 SiteType L_a
100110021,poly_A Site 21 SiteType L_a
100110022,poly_A Site 22 SiteType A
100110023,poly_A Site 23 SiteType L_a
100110024,poly_A Site 24 SiteType L_a
100110025,poly_A Site 25 SiteType L_a
100110026,poly_A Site 26 SiteType A
100110027,poly_A Site 27 SiteType L_a
100110028,poly_A Site 28 SiteType L_a
100110029,poly_A Site 29 SiteType L_a
100110030,poly_A Site 30 SiteType A
100110031,poly_A Site 31 SiteType L_a
100120000,poly_A Site 0 SiteType L_a
100120001,poly_A Site 1 SiteType L_a
100120002,poly_A Site 2 SiteType A
100120003,poly_A Site 3 SiteType L_a
100120004,poly_A Site 4 SiteType L_a
100120005,poly_A Site 5 SiteType L_a
100120006,poly_A Site 6 SiteType A
100120007,poly_A Site 7 SiteType L_a
100120008,poly_A Site 8 SiteType L_a
100120009,poly_A Site 9 SiteType L_a
100120010,poly_A Site 10 SiteType A
100120011,poly_A Site 11 SiteType L_a
100120012,poly_A Site 12 SiteType L_a
100120013,poly_A Site 13 SiteType L_a
100120014,poly_A Site 14 SiteType A
100120015,poly_A Site 15 SiteType L_a
100120016,poly_A Site 16 SiteType L_a
100120017,poly_A Site 17 SiteType L_a
100120018,poly_A Site 18 SiteType A
100120019,poly_A Site 19 SiteType L_a
100120020,poly_A Site 20 SiteType L_a
100120021,poly_A Site 21 SiteType L_a
100120022,poly_A Site 22 SiteType A
100120023,poly_A Site 23 SiteType L_a
100120024,poly_A Site 24 SiteType L_a
100120025,poly_A Site 25 SiteType L_a
100120026,poly_A Site 26 SiteType A
100120027,poly_A Site 27 SiteType L_a
100120028,poly_A Site 28 SiteType L_a
100120029,poly_A Site 29 SiteType L_a
100120030,poly_A Site 30 SiteType A
100120031,poly_A Site 31 SiteType L_a
100130000,poly_A Site 0 SiteType L_a
100130001,poly_A Site 1 SiteType L_a
100130002,poly_A Site 2 SiteType A
100130003,poly_A Site 3 SiteType L_a
100130004,poly_A Site 4 SiteType L_a
100130005,poly_A Site 5 SiteType L_a
100130006,poly_A Site 6 SiteType A
100130007,poly_A Site 7 SiteType L_a
100130008,poly_A Site 8 SiteType L_a
100130009,poly_A Site 9 SiteType L_a
100130010,poly_A Site 10 SiteType A
100130011,poly_A Site 11 SiteType L_a
100130012,poly_A Site 12 SiteType L_a
100130013,poly_A Site 13 SiteType L_a
100130014,poly_A Site 14 SiteType A
100130015,poly_A Site 15 SiteType L_a
100130016,poly_A Site 16 SiteType L_a
100130017,poly_A Site 17 SiteType L_a
100130018,poly_A Site 18 SiteType A
100130019,poly_A Site 19 SiteType L_a
100130020,poly_A Site 20 SiteType L_a
100130021,poly_A Site 21 SiteType L_a
100130022,poly_A Site 22 SiteType A
100130023,poly_A Site 23 SiteType L_a
100130024,poly_A Site 24 SiteType L_a
100130025,poly_A Site 25 SiteType L_a
100130026,poly_A Site 26 SiteType A
100130027,poly_A Site 27 SiteType L_a
100130028,poly_A Site 28 SiteType L_a
100130029,poly_A Site 29 SiteType L_a
100130030,poly_A Site 30 SiteType A
100130031,poly_A Site 31 SiteType L_a
100140000,poly_A Site 0 SiteType L_a
100140001,poly_A Site 1 SiteType L_a
100140002,poly_A Site 2 SiteType A
100140003,poly_A Site 3 SiteType L_a
100140004,poly_A Site 4 SiteType L_a
100140005,poly_A Site 5 SiteType L_a
100140006,poly_A Site 6 SiteType A
100140007,poly_A Site 7 SiteType L_a
100140008,poly_A Site 8 SiteType L_a
100140009,poly_A Site 9 SiteType L_a
100140010,poly_A Site 10 SiteType A
100140011,poly_A Site 11 SiteType L_a
100140012,poly_A Site 12 SiteType L_a
100140013,poly_A Site 13 SiteType L_a
100140014,poly_A Site 14 SiteType A
100140015,poly_A Site 15 SiteType L_a
100140016,poly_A Site 16 SiteType L_a
100140017,poly_A Site 17 SiteType L_a
100140018,poly_A Site 18 SiteType A
100140019,poly_A Site 19 SiteType L_a
100140020,poly_A Site 20 SiteType L_a
100140021,poly_A Site 21 SiteType L_a
100140022,poly_A Site 22 SiteType A
100140023,poly_A Site 23 SiteType L_a
100140024,poly_A Site 24 SiteType L_a
100140025,poly_A Site 25 SiteType L_a
100140026,poly_A Site 26 SiteType A
100140027,poly_A Site 27 SiteType L_a
100140028,poly_A Site 28 SiteType L_a
100140029,poly_A Site 29 SiteType L_a
100140030,poly_A Site 30 SiteType A
100140031,poly_A Site 31 SiteType L_a
100150000,poly_A Site 0 SiteType L_a
100150001,poly_A Site 1 SiteType L_a
100150002,poly_A Site 2 SiteType A
100150003,poly_A Site 3 SiteType L_a
100150004,poly_A Site 4 SiteType L_a
100150005,poly_A Site 5 SiteType L_a
100150006,poly_A Site 6 SiteType A
100150007,poly_A Site 7 SiteType L_a
100150008,poly_A Site 8 SiteType L_a
100150009,poly_A Site 9 SiteType L_a
100150010,poly_A Site 10 SiteType A
100150011,poly_A Site 11 SiteType L_a
100150012,poly_A Site 12 SiteType L_a
100150013,poly_A Site 13 SiteType L_a
100150014,poly_A Site 14 SiteType A
100150015,poly_A Site 15 SiteType L_a
100150016,poly_A Site 16 SiteType L_a
100150017,poly_A Site 17 SiteType L_a
100150018,poly_A Site 18 SiteType A
100150019,poly_A Site 19 SiteType L_a
100150020,poly_A Site 20 SiteType L_a
100150021,poly_A Site 21 SiteType L_a
100150022,poly_A Site 22 SiteType A
100150023,poly_A Site 23 SiteType L_a
100150024,poly_A Site 24 SiteType L_a
100150025,poly_A Site 25 SiteType L_a
100150026,poly_A Site 26 SiteType A
100150027,poly_A Site 27 SiteType L_a
100150028,poly_A Site 28 SiteType L_a
100150029,poly_A Site 29 SiteType L_a
100150030,poly_A Site 30 SiteType A
100150031,poly_A Site 31 SiteType L_a
100160000,poly_A Site 0 SiteType L_a
100160001,poly_A Site 1 SiteType L_a
100160002,poly_A Site 2 SiteType A
100160003,poly_A Site 3 SiteType L_a
100160004,poly_A Site 4 SiteType L_a
100160005,poly_A Site 5 SiteType L_a
100160006,poly_A Site 6 SiteType A
100160007,poly_A Site 7 SiteType L_a
100160008,poly_A Site 8 SiteType L_a
100160009,poly_A Site 9 SiteType L_a
100160010,poly_A Site 10 SiteType A
100160011,poly_A Site 11 SiteType L_a
100160012,poly_A Site 12 SiteType L_a
100160013,poly_A Site 13 SiteType L_a
100160014,poly_A Site 14 SiteType A
100160015,poly_A Site 15 SiteType L_a
100160016,poly_A Site 16 SiteType L_a
100160017,poly_A Site 17 SiteType L_a
100160018,poly_A Site 18 SiteType A
100160019,poly_A Site 19 SiteType L_a
100160020,poly_A Site 20 SiteType L_a
100160021,poly_A Site 21 SiteType L_a
100160022,poly_A Site 22 SiteType A
100160023,poly_A Site 23 SiteType L_a
100160024,poly_A Site 24 SiteType L_a
100160025,poly_A Site 25 SiteType L_a
100160026,poly_A Site 26 SiteType A
100160027,poly_A Site 27 SiteType L_a
100160028,poly_A Site 28 SiteType L_a
100160029,poly_A Site 29 SiteType L_a
100160030,poly_A Site 30 SiteType A
100160031,poly_A Site 31 SiteType L_a
100170000,poly_A Site 0 SiteType L_a
100170001,poly_A Site 1 SiteType L_a
100170002,poly_A Site 2 SiteType A
100170003,poly_A Site 3 SiteType L_a
100170004,poly_A Site 4 SiteType L_a
100170005,poly_A Site 5 SiteType L_a
100170006,poly_A Site 6 SiteType A
100170007,poly_A Site 7 SiteType L_a
100170008,poly_A Site 8 SiteType L_a
100170009,poly_A Site 9 SiteType L_a
100170010,poly_A Site 10 SiteType A
100170011,poly_A Site 11 SiteType L_a
100170012,poly_A Site 12 SiteType L_a
100170013,poly_A Site 13 SiteType L_a
100170014,poly_A Site 14 SiteType A
100170015,poly_A Site 15 SiteType L_a
100170016,poly_A Site 16 SiteType L_a
100170017,poly_A Site 17 SiteType L_a
100170018,poly_A Site 18 SiteType A
100170019,poly_A Site 19 SiteType L_a
100170020,poly_A Site 20 SiteType L_a
100170021,poly_A Site 21 SiteType L_a
100170022,poly_A Site 22 SiteType A
100170023,poly_A Site 23 SiteType L_a
100170024,poly_A Site 24 SiteType L_a
100170025,poly_A Site 25 SiteType L_a
100170026,poly_A Site 26 SiteType A
100170027,poly_A Site 27 SiteType L_a
100170028,poly_A Site 28 SiteType L_a
100170029,poly_A Site 29 SiteType L_a
100170030,poly_A Site 30 SiteType A
100170031,poly_A Site 31 SiteType L_a
100180000,poly_A Site 0 SiteType L_a
100180001,poly_A Site 1 SiteType L_a
100180002,poly_A Site 2 SiteType A
100180003,poly_A Site 3 SiteType L_a
100180004,poly_A Site 4 SiteType L_a
100180005,poly_A Site 5 SiteType L_a
100180006,poly_A Site 6 SiteType A
100180007,poly_A Site 7 SiteType L_a
100180008,poly_A Site 8 SiteType L_a
100180009,poly_A Site 9 SiteType L_a
100180010,poly_A Site 10 SiteType A
100180011,poly_A Site 11 SiteType L_a
100180012,poly_A Site 12 SiteType L_a
100180013,poly_A Site 13 SiteType L_a
100180014,poly_A Site 14 SiteType A
100180015,poly_A Site 15 SiteType L_a
100180016,poly_A Site 16 SiteType L_a
100180017,poly_A Site 17 SiteType L_a
100180018,poly_A Site 18 SiteType A
100180019,poly_A Site 19 SiteType L_a
100180020,poly_A Site 20 SiteType L_a
100180021,poly_A Site 21 SiteType L_a
100180022,poly_A Site 22 SiteType A
100180023,poly_A Site 23 SiteType L_a
100180024,poly_A Site 24 SiteType L_a
100180025,poly_A Site 25 SiteType L_a
100180026,poly_A Site 26 SiteType A
100180027,poly_A Site 27 SiteType L_a
100180028,poly_A Site 28 SiteType L_a
100180029,poly_A Site 29 SiteType L_a
100180030,poly_A Site 30 SiteType A
100180031,poly_A Site 31 SiteType L_a
100190000,poly_A Site 0 SiteType L_a
100190001,poly_A Site 1 SiteType L_a
100190002,poly_A Site 2 SiteType A
100190003,poly_A Site 3 SiteType L_a
100190004,poly_A Site 4 SiteType L_a
100190005,poly_A Site 5 SiteType L_a
100190006,poly_A Site 6 SiteType A
100190007,poly_A Site 7 SiteType L_a
100190008,poly_A Site 8 SiteType L_a
100190009,poly_A Site 9 SiteType L_a
100190010,poly_A Site 10 SiteType A
100190011,poly_A Site 11 SiteType L_a
100190012,poly_A Site 12 SiteType L_a
100190013,poly_A Site 13 SiteType L_a
100190014,poly_A Site 14 SiteType A
100190015,poly_A Site 15 SiteType L_a
100190016,poly_A Site 16 SiteType L_a
100190017,poly_A Site 17 SiteType L_a
100190018,poly_A Site 18 SiteType A
100190019,poly_A Site 19 SiteType L_a
100190020,poly_A Site 20 SiteType L_a
100190021,poly_A Site 21 SiteType L_a
100190022,poly_A Site 22 SiteType A
100190023,poly_A Site 23 SiteType L_a
100190024,poly_A Site 24 SiteType L_a
100190025,poly_A Site 25 SiteType L_a
100190026,poly_A Site 26 SiteType A
100190027,poly_A Site 27 SiteType L_a
100190028,poly_A Site 28 SiteType L_a
100190029,poly_A Site 29 SiteType L_a
100190030,poly_A Site 30 SiteType A
100190031,poly_A Site 31 SiteType L_a
100200000,poly_A Site 0 SiteType L_a
100200001,poly_A Site 1 SiteType L_a
100200002,poly_A Site 2 SiteType A
100200003,poly_A Site 3 SiteType L_a
100200004,poly_A Site 4 SiteType L_a
100200005,poly_A Site 5 SiteType L_a
100200006,poly_A Site 6 SiteType A
100200007,poly_A Site 7 SiteType L_a
100200008,poly_A Site 8 SiteType L_a
100200009,poly_A Site 9 SiteType L_a
100200010,poly_A Site 10 SiteType A
100200011,poly_A Site 11 SiteType L_a
100200012,poly_A Site 12 SiteType L_a
100200013,poly_A Site 13 SiteType L_a
100200014,poly_A Site 14 SiteType A
100200015,poly_A Site 15 SiteType L_a
100200016,poly_A Site 16 SiteType L_a
100200017,poly_A Site 17 SiteType L_a
100200018,poly_A Site 18 SiteType A
100200019,poly_A Site 19 SiteType L_a
100200020,poly_A Site 20 SiteType L_a
100200021,poly_A Site 21 SiteType L_a
100200022,poly_A Site 22 SiteType A
100200023,poly_A Site 23 SiteType L_a
100200024,poly_A Site 24 SiteType L_a
100200025,poly_A Site 25 SiteType L_a
100200026,poly_A Site 26 SiteType A
100200027,poly_A Site 27 SiteType L_a
100200028,poly_A Site 28 SiteType L_a
100200029,poly_A Site 29 SiteType L_a
100200030,poly_A Site 30 SiteType A
100200031,poly_A Site 31 SiteType L_a
100210000,poly_A Site 0 SiteType L_a
100210001,poly_A Site 1 SiteType L_a
100210002,poly_A Site 2 SiteType A
100210003,poly_A Site 3 SiteType L_a
100210004,poly_A Site 4 SiteType L_a
100210005,poly_A Site 5 SiteType L_a
100210006,poly_A Site 6 SiteType A
100210007,poly_A Site 7 SiteType L_a
100210008,poly_A Site 8 SiteType L_a
100210009,poly_A Site 9 SiteType L_a
100210010,poly_A Site 10 SiteType A
100210011,poly_A Site 11 SiteType L_a
100210012,poly_A Site 12 SiteType L_a
100210013,poly_A Site 13 SiteType L_a
100210014,poly_A Site 14 SiteType A
100210015,poly_A Site 15 SiteType L_a
100210016,poly_A Site 16 SiteType L_a
100210017,poly_A Site 17 SiteType L_a
100210018,poly_A Site 18 SiteType A
100210019,poly_A Site 19 SiteType L_a
100210020,poly_A Site 20 SiteType L_a
100210021,poly_A Site 21 SiteType L_a
100210022,poly_A Site 22 SiteType A
100210023,poly_A Site 23 SiteType L_a
100210024,poly_A Site 24 SiteType L_a
100210025,poly_A Site 25 SiteType L_a
100210026,poly_A Site 26 SiteType A
100210027,poly_A Site 27 SiteType L_a
100210028,poly_A Site 28 SiteType L_a
100210029,poly_A Site 29 SiteType L_a
100210030,poly_A Site 30 SiteType A
100210031,poly_A Site 31 SiteType L_a
100220000,poly_A Site 0 SiteType L_a
100220001,poly_A Site 1 SiteType L_a
100220002,poly_A Site 2 SiteType A
100220003,poly_A Site 3 SiteType L_a
100220004,poly_A Site 4 SiteType L_a
100220005,poly_A Site 5 SiteType L_a
100220006,poly_A Site 6 SiteType A
100220007,poly_A Site 7 SiteType L_a
100220008,poly_A Site 8 SiteType L_a
100220009,poly_A Site 9 SiteType L_a
100220010,poly_A Site 10 SiteType A
100220011,poly_A Site 11 SiteType L_a
100220012,poly_A Site 12 SiteType L_a
100220013,poly_A Site 13 SiteType L_a
100220014,poly_A Site 14 SiteType A
100220015,poly_A Site 15 SiteType L_a
100220016,poly_A Site 16 SiteType L_a
100220017,poly_A Site 17 SiteType L_a
100220018,poly_A Site 18 SiteType A
100220019,poly_A Site 19 SiteType L_a
100220020,poly_A Site 20 SiteType L_a
100220021,poly_A Site 21 SiteType L_a
100220022,poly_A Site 22 SiteType A
100220023,poly_A Site 23 SiteType L_a
100220024,poly_A Site 24 SiteType L_a
100220025,poly_A Site 25 SiteType L_a
100220026,poly_A Site 26 SiteType A
100220027,poly_A Site 27 SiteType L_a
100220028,poly_A Site 28 SiteType L_a
100220029,poly_A Site 29 SiteType L_a
100220030,poly_A Site 30 SiteType A
100220031,poly_A Site 31 SiteType L_a
100230000,poly_A Site 0 SiteType L_a
100230001,poly_A Site 1 SiteType L_a
100230002,poly_A Site 2 SiteType A
100230003,poly_A Site 3 SiteType L_a
100230004,poly_A Site 4 SiteType L_a
100230005,poly_A Site 5 SiteType L_a
100230006,poly_A Site 6 SiteType A
100230007,poly_A Site 7 SiteType L_a
100230008,poly_A Site 8 SiteType L_a
100230009,poly_A Site 9 SiteType L_a
100230010,poly_A Site 10 SiteType A
100230011,poly_A Site 11 SiteType L_a
100230012,poly_A Site 12 SiteType L_a
100230013,poly_A Site 13 SiteType L_a
100230014,poly_A Site 14 SiteType A
100230015,poly_A Site 15 SiteType L_a
100230016,poly_A Site 16 SiteType L_a
100230017,poly_A Site 17 SiteType L_a
100230018,poly_A Site 18 SiteType A
100230019,poly_A Site 19 SiteType L_a
100230020,poly_A Site 20 SiteType L_a
100230021,poly_A Site 21 SiteType L_a
100230022,poly_A Site 22 SiteType A
100230023,poly_A Site 23 SiteType L_a
100230024,poly_A Site 24 SiteType L_a
100230025,poly_A Site 25 SiteType L_a
100230026,poly_A Site 26 SiteType A
100230027,poly_A Site 27 SiteType L_a
100230028,poly_A Site 28 SiteType L_a
100230029,poly_A Site 29 SiteType L_a
100230030,poly_A Site 30 SiteType A
100230031,poly_A Site 31 SiteType L_a
100240000,poly_A Site 0 SiteType L_a
100240001,poly_A Site 1 SiteType L_a
100240002,poly_A Site 2 SiteType A
100240003,poly_A Site 3 SiteType L_a
100240004,poly_A Site 4 SiteType L_a
100240005,poly_A Site 5 SiteType L_a
100240006,poly_A Site 6 SiteType A
100240007,poly_A Site 7 SiteType L_a
100240008,poly_A Site 8 SiteType L_a
100240009,poly_A Site 9 SiteType L_a
100240010,poly_A Site 10 SiteType A
100240011,poly_A Site 11 SiteType L_a
100240012,poly_A Site 12 SiteType L_a
100240013,poly_A Site 13 SiteType L_a
100240014,poly_A Site 14 SiteType A
100240015,poly_A Site 15 SiteType L_a
100240016,poly_A Site 16 SiteType L_a
100240017,poly_A Site 17 SiteType L_a
100240018,poly_A Site 18 SiteType A
100240019,poly_A Site 19 SiteType L_a
100240020,poly_A Site 20 SiteType L_a
100240021,poly_A Site 21 SiteType L_a
100240022,poly_A Site 22 SiteType A
100240023,poly_A Site 23 SiteType L_a
100240024,poly_A Site 24 SiteType L_a
100240025,poly_A Site 25 SiteType L_a
100240026,poly_A Site 26 SiteType A
100240027,poly_A Site 27 SiteType L_a
100240028,poly_A Site 28 SiteType L_a
100240029,poly_A Site 29 SiteType L_a
100240030,poly_A Site 30 SiteType A
100240031,poly_A Site 31 SiteType L_a
100250000,poly_A Site 0 SiteType L_a
100250001,poly_A Site 1 SiteType L_a
100250002,poly_A Site 2 SiteType A
100250003,poly_A Site 3 SiteType L_a
100250004,poly_A Site 4 SiteType L_a
100250005,poly_A Site 5 SiteType L_a
100250006,poly_A Site 6 SiteType A
100250007,poly_A Site 7 SiteType L_a
100250008,poly_A Site 8 SiteType L_a
100250009,poly_A Site 9 SiteType L_a
100250010,poly_A Site 10 SiteType A
100250011,poly_A Site 11 SiteType L_a
100250012,poly_A Site 12 SiteType L_a
100250013,poly_A Site 13 SiteType L_a
100250014,poly_A Site 14 SiteType A
100250015,poly_A Site 15 SiteType L_a
100250016,poly_A Site 16 SiteType L_a
100250017,poly_A Site 17 SiteType L_a
100250018,poly_A Site 18 SiteType A
100250019,poly_A Site 19 SiteType L_a
100250020,poly_A Site 20 SiteType L_a
100250021,poly_A Site 21 SiteType L_a
100250022,poly_A Site 22 SiteType A
100250023,poly_A Site 23 SiteType L_a
100250024,poly_A Site 24 SiteType L_a
100250025,poly_A Site 25 SiteType L_a
100250026,poly_A Site 26 SiteType A
100250027,poly_A Site 27 SiteType L_a
100250028,poly_A Site 28 SiteType L_a
100250029,poly_A Site 29 SiteType L_a
100250030,poly_A Site 30 SiteType A
100250031,poly_A Site 31 SiteType L_a
100260000,poly_A Site 0 SiteType L_a
100260001,poly_A Site 1 SiteType L_a
100260002,poly_A Site 2 SiteType A
100260003,poly_A Site 3 SiteType L_a
100260004,poly_A Site 4 SiteType L_a
100260005,poly_A Site 5 SiteType L_a
100260006,poly_A Site 6 SiteType A
100260007,poly_A Site 7 SiteType L_a
100260008,poly_A Site 8 SiteType L_a
100260009,poly_A Site 9 SiteType L_a
100260010,poly_A Site 10 SiteType A
100260011,poly_A Site 11 SiteType L_a
100260012,poly_A Site 12 SiteType L_a
100260013,poly_A Site 13 SiteType L_a
100260014,poly_A Site 14 SiteType A
100260015,poly_A Site 15 SiteType L_a
100260016,poly_A Site 16 SiteType L_a
100260017,poly_A Site 17 SiteType L_a
100260018,poly_A Site 18 SiteType A
100260019,poly_A Site 19 SiteType L_a
100260020,poly_A Site 20 SiteType L_a
100260021,poly_A Site 21 SiteType L_a
100260022,poly_A Site 22 SiteType A
100260023,poly_A Site 23 SiteType L_a
100260024,poly_A Site 24 SiteType L_a
100260025,poly_A Site 25 SiteType L_a
100260026,poly_A Site 26 SiteType A
100260027,poly_A Site 27 SiteType L_a
100260028,poly_A Site 28 SiteType L_a
100260029,poly_A Site 29 SiteType L_a
100260030,poly_A Site 30 SiteType A
100260031,poly_A Site 31 SiteType L_a
100270000,poly_A Site 0 SiteType L_a
100270001,poly_A Site 1 SiteType L_a
100270002,poly_A Site 2 SiteType A
100270003,poly_A Site 3 SiteType L_a
100270004,poly_A Site 4 SiteType L_a
100270005,poly_A Site 5 SiteType L_a
100270006,poly_A Site 6 SiteType A
100270007,poly_A Site 7 SiteType L_a
100270008,poly_A Site 8 SiteType L_a
100270009,poly_A Site 9 SiteType L_a
100270010,poly_A Site 10 SiteType A
100270011,poly_A Site 11 SiteType L_a
100270012,poly_A Site 12 SiteType L_a
100270013,poly_A Site 13 SiteType L_a
100270014,poly_A Site 14 SiteType A
100270015,poly_A Site 15 SiteType L_a
100270016,poly_A Site 16 SiteType L_a
100270017,poly_A Site 17 SiteType L_a
100270018,poly_A Site 18 SiteType A
100270019,poly_A Site 19 SiteType L_a
100270020,poly_A Site 20 SiteType L_a
100270021,poly_A Site 21 SiteType L_a
100270022,poly_A Site 22 SiteType A
100270023,poly_A Site 23 SiteType L_a
100270024,poly_A Site 24 SiteType L_a
100270025,poly_A Site 25 SiteType L_a
100270026,poly_A Site 26 SiteType A
100270027,poly_A Site 27 SiteType L_a
100270028,poly_A Site 28 SiteType L_a
100270029,poly_A Site 29 SiteType L_a
100270030,poly_A Site 30 SiteType A
100270031,poly_A Site 31 SiteType L_a
100280000,poly_A Site 0 SiteType L_a
100280001,poly_A Site 1 SiteType L_a
100280002,poly_A Site 2 SiteType A
100280003,poly_A Site 3 SiteType L_a
100280004,poly_A Site 4 SiteType L_a
100280005,poly_A Site 5 SiteType L_a
100280006,poly_A Site 6 SiteType A
100280007,poly_A Site 7 SiteType L_a
100280008,poly_A Site 8 SiteType L_a
100280009,poly_A Site 9 SiteType L_a
100280010,poly_A Site 10 SiteType A
100280011,poly_A Site 11 SiteType L_a
100280012,poly_A Site 12 SiteType L_a
100280013,poly_A Site 13 SiteType L_a
100280014,poly_A Site 14 SiteType A
100280015,poly_A Site 15 SiteType L_a
100280016,poly_A Site 16 SiteType L_a
100280017,poly_A Site 17 SiteType L_a
100280018,poly_A Site 18 SiteType A
100280019,poly_A Site 19 SiteType L_a
100280020,poly_A Site 20 SiteType L_a
100280021,poly_A Site 21 SiteType L_a
100280022,poly_A Site 22 SiteType A
100280023,poly_A Site 23 SiteType L_a
100280024,poly_A Site 24 SiteType L_a
100280025,poly_A Site 25 SiteType L_a
100280026,poly_A Site 26 SiteType A
100280027,poly_A Site 27 SiteType L_a
100280028,poly_A Site 28 SiteType L_a
100280029,poly_A Site 29 SiteType L_a
100280030,poly_A Site 30 SiteType A
100280031,poly_A Site 31 SiteType L_a
100290000,poly_A Site 0 SiteType L_a
100290001,poly_A Site 1 SiteType L_a
100290002,poly_A Site 2 SiteType A
100290003,poly_A Site 3 SiteType L_a
100290004,poly_A Site 4 SiteType L_a
100290005,poly_A Site 5 SiteType L_a
100290006,poly_A Site 6 SiteType A
100290007,poly_A Site 7 SiteType L_a
100290008,poly_A Site 8 SiteType L_a
100290009,poly_A Site 9 SiteType L_a
100290010,poly_A Site 10 SiteType A
100290011,poly_A Site 11 SiteType L_a
100290012,poly_A Site 12 SiteType L_a
100290013,poly_A Site 13 SiteType L_a
100290014,poly_A Site 14 SiteType A
100290015,poly_A Site 15 SiteType L_a
100290016,poly_A Site 16 SiteType L_a
100290017,poly_A Site 17 SiteType L_a
100290018,poly_A Site 18 SiteType A
100290019,poly_A Site 19 SiteType L_a
100290020,poly_A Site 20 SiteType L_a
100290021,poly_A Site 21 SiteType L_a
100290022,poly_A Site 22 SiteType A
100290023,poly_A Site 23 SiteType L_a
100290024,poly_A Site 24 SiteType L_a
100290025,poly_A Site 25 SiteType L_a
100290026,poly_A Site 26 SiteType A
100290027,poly_A Site 27 SiteType L_a
100290028,poly_A Site 28 SiteType L_a
100290029,poly_A Site 29 SiteType L_a
100290030,poly_A Site 30 SiteType A
100290031,poly_A Site 31 SiteType L_a
100300000,poly_B Site 0 SiteType L_b
100300001,poly_B Site 1 SiteType L_b
100300002,poly_B Site 2 SiteType B
100300003,poly_B Site 3 SiteType L_b
100300004,poly_B Site 4 SiteType L_b
100300005,poly_B Site 5 SiteType L_b
100300006,poly_B Site 6 SiteType B
100300007,poly_B Site 7 SiteType L_b
100300008,poly_B Site 8 SiteType L_b
100300009,poly_B Site 9 SiteType L_b
100300010,poly_B Site 10 SiteType B
100300011,poly_B Site 11 SiteType L_b
100300012,poly_B Site 12 SiteType L_b
100300013,poly_B Site 13 SiteType L_b
100300014,poly_B Site 14 SiteType B
100300015,poly_B Site 15 SiteType L_b
100300016,poly_B Site 16 SiteType L_b
100300017,poly_B Site 17 SiteType L_b
100300018,poly_B Site 18 SiteType B
100300019,poly_B Site 19 SiteType L_b
100300020,poly_B Site 20 SiteType L_b
100300021,poly_B Site 21 SiteType L_b
100300022,poly_B Site 22 SiteType B
100300023,poly_B Site 23 SiteType L_b
100300024,poly_B Site 24 SiteType L_b
100300025,poly_B Site 25 SiteType L_b
100300026,poly_B Site 26 SiteType B
100300027,poly_B Site 27 SiteType L_b
100300028,poly_B Site 28 SiteType L_b
100300029,poly_B Site 29 SiteType L_b
100300030,poly_B Site 30 SiteType B
100300031,poly_B Site 31 SiteType L_b
100310000,poly_B Site 0 SiteType L_b
100310001,poly_B Site 1 SiteType L_b
100310002,poly_B Site 2 SiteType B
100310003,poly_B Site 3 SiteType L_b
100310004,poly_B Site 4 SiteType L_b
100310005,poly_B Site 5 SiteType L_b
100310006,poly_B Site 6 SiteType B
100310007,poly_B Site 7 SiteType L_b
100310008,poly_B Site 8 SiteType L_b
100310009,poly_B Site 9 SiteType L_b
100310010,poly_B Site 10 SiteType B
100310011,poly_B Site 11 SiteType L_b
100310012,poly_B Site 12 SiteType L_b
100310013,poly_B Site 13 SiteType L_b
100310014,poly_B Site 14 SiteType B
100310015,poly_B Site 15 SiteType L_b
100310016,poly_B Site 16 SiteType L_b
100310017,poly_B Site 17 SiteType L_b
100310018,poly_B Site 18 SiteType B
100310019,poly_B Site 19 SiteType L_b
100310020,poly_B Site 20 SiteType L_b
100310021,poly_B Site 21 SiteType L_b
100310022,poly_B Site 22 SiteType B
100310023,poly_B Site 23 SiteType L_b
100310024,poly_B Site 24 SiteType L_b
100310025,poly_B Site 25 SiteType L_b
100310026,poly_B Site 26 SiteType B
100310027,poly_B Site 27 SiteType L_b
100310028,poly_B Site 28 SiteType L_b
100310029,poly_B Site 29 SiteType L_b
100310030,poly_B Site 30 SiteType B
100310031,poly_B Site 31 SiteType L_b
100320000,poly_B Site 0 SiteType L_b
100320001,poly_B Site 1 SiteType L_b
100320002,poly_B Site 2 SiteType B
100320003,poly_B Site 3 SiteType L_b
100320004,poly_B Site 4 SiteType L_b
100320005,poly_B Site 5 SiteType L_b
100320006,poly_B Site 6 SiteType B
100320007,poly_B Site 7 SiteType L_b
100320008,poly_B Site 8 SiteType L_b
100320009,poly_B Site 9 SiteType L_b
100320010,poly_B Site 10 SiteType B
100320011,poly_B Site 11 SiteType L_b
100320012,poly_B Site 12 SiteType L_b
100320013,poly_B Site 13 SiteType L_b
100320014,poly_B Site 14 SiteType B
100320015,poly_B Site 15 SiteType L_b
100320016,poly_B Site 16 SiteType L_b
100320017,poly_B Site 17 SiteType L_b
100320018,poly_B Site 18 SiteType B
100320019,poly_B Site 19 SiteType L_b
100320020,poly_B Site 20 SiteType L_b
100320021,poly_B Site 21 SiteType L_b
100320022,poly_B Site 22 SiteType B
100320023,poly_B Site 23 SiteType L_b
100320024,poly_B Site 24 SiteType L_b
100320025,poly_B Site 25 SiteType L_b
100320026,poly_B Site 26 SiteType B
100320027,poly_B Site 27 SiteType L_b
100320028,poly_B Site 28 SiteType L_b
100320029,poly_B Site 29 SiteType L_b
100320030,poly_B Site 30 SiteType B
100320031,poly_B Site 31 SiteType L_b
100330000,poly_B Site 0 SiteType L_b
100330001,poly_B Site 1 SiteType L_b
100330002,poly_B Site 2 SiteType B
100330003,poly_B Site 3 SiteType L_b
100330004,poly_B Site 4 SiteType L_b
100330005,poly_B Site 5 SiteType L_b
100330006,poly_B Site 6 SiteType B
100330007,poly_B Site 7 SiteType L_b
100330008,poly_B Site 8 SiteType L_b
100330009,poly_B Site 9 SiteType L_b
100330010,poly_B Site 10 SiteType B
100330011,poly_B Site 11 SiteType L_b
100330012,poly_B Site 12 SiteType L_b
100330013,poly_B Site 13 SiteType L_b
100330014,poly_B Site 14 SiteType B
100330015,poly_B Site 15 SiteType L_b
100330016,poly_B Site 16 SiteType L_b
100330017,poly_B Site 17 SiteType L_b
100330018,poly_B Site 18 SiteType B
100330019,poly_B Site 19 SiteType L_b
100330020,poly_B Site 20 SiteType L_b
100330021,poly_B Site 21 SiteType L_b
100330022,poly_B Site 22 SiteType B
100330023,poly_B Site 23 SiteType L_b
100330024,poly_B Site 24 SiteType L_b
100330025,poly_B Site 25 SiteType L_b
100330026,poly_B Site 26 SiteType B
100330027,poly_B Site 27 SiteType L_b
100330028,poly_B Site 28 SiteType L_b
100330029,poly_B Site 29 SiteType L_b
100330030,poly_B Site 30 SiteType B
100330031,poly_B Site 31 SiteType L_b
100340000,poly_B Site 0 SiteType L_b
100340001,poly_B Site 1 SiteType L_b
100340002,poly_B Site 2 SiteType B
100340003,poly_B Site 3 SiteType L_b
100340004,poly_B Site 4 SiteType L_b
100340005,poly_B Site 5 SiteType L_b
100340006,poly_B Site 6 SiteType B
100340007,poly_B Site 7 SiteType L_b
100340008,poly_B Site 8 SiteType L_b
100340009,poly_B Site 9 SiteType L_b
100340010,poly_B Site 10 SiteType B
100340011,poly_B Site 11 SiteType L_b
100340012,poly_B Site 12 SiteType L_b
100340013,poly_B Site 13 SiteType L_b
100340014,poly_B Site 14 SiteType B
100340015,poly_B Site 15 SiteType L_b
100340016,poly_B Site 16 SiteType L_b
100340017,poly_B Site 17 SiteType L_b
100340018,poly_B Site 18 SiteType B
100340019,poly_B Site 19 SiteType L_b
100340020,poly_B Site 20 SiteType L_b
100340021,poly_B Site 21 SiteType L_b
100340022,poly_B Site 22 SiteType B
100340023,poly_B Site 23 SiteType L_b
100340024,poly_B Site 24 SiteType L_b
100340025,poly_B Site 25 SiteType L_b
100340026,poly_B Site 26 SiteType B
100340027,poly_B Site 27 SiteType L_b
100340028,poly_B Site 28 SiteType L_b
100340029,poly_B Site 29 SiteType L_b
100340030,poly_B Site 30 SiteType B
100340031,poly_B Site 31 SiteType L_b
100350000,poly_B Site 0 SiteType L_b
100350001,poly_B Site 1 SiteType L_b
100350002,poly_B Site 2 SiteType B
100350003,poly_B Site 3 SiteType L_b
100350004,poly_B Site 4 SiteType L_b
100350005,poly_B Site 5 SiteType L_b
100350006,poly_B Site 6 SiteType B
100350007,poly_B Site 7 SiteType L_b
100350008,poly_B Site 8 SiteType L_b
100350009,poly_B Site 9 SiteType L_b
100350010,poly_B Site 10 SiteType B
100350011,poly_B Site 11 SiteType L_b
100350012,poly_B Site 12 SiteType L_b
100350013,poly_B Site 13 SiteType L_b
100350014,poly_B Site 14 SiteType B
100350015,poly_B Site 15 SiteType L_b
100350016,poly_B Site 16 SiteType L_b
100350017,poly_B Site 17 SiteType L_b
100350018,poly_B Site 18 SiteType B
100350019,poly_B Site 19 SiteType L_b
100350020,poly_B Site 20 SiteType L_b
100350021,poly_B Site 21 SiteType L_b
100350022,poly_B Site 22 SiteType B
100350023,poly_B Site 23 SiteType L_b
100350024,poly_B Site 24 SiteType L_b
100350025,poly_B Site 25 SiteType L_b
100350026,poly_B Site 26 SiteType B
100350027,poly_B Site 27 SiteType L_b
100350028,poly_B Site 28 SiteType L_b
100350029,poly_B Site 29 SiteType L_b
100350030,poly_B Site 30 SiteType B
100350031,poly_B Site 31 SiteType L_b
100360000,poly_B Site 0 SiteType L_b
100360001,poly_B Site 1 SiteType L_b
100360002,poly_B Site 2 SiteType B
100360003,poly_B Site 3 SiteType L_b
100360004,poly_B Site 4 SiteType L_b
100360005,poly_B Site 5 SiteType L_b
100360006,poly_B Site 6 SiteType B
100360007,poly_B Site 7 SiteType L_b
100360008,poly_B Site 8 SiteType L_b
100360009,poly_B Site 9 SiteType L_b
100360010,poly_B Site 10 SiteType B
100360011,poly_B Site 11 SiteType L_b
100360012,poly_B Site 12 SiteType L_b
100360013,poly_B Site 13 SiteType L_b
100360014,poly_B Site 14 SiteType B
100360015,poly_B Site 15 SiteType L_b
100360016,poly_B Site 16 SiteType L_b
100360017,poly_B Site 17 SiteType L_b
100360018,poly_B Site 18 SiteType B
100360019,poly_B Site 19 SiteType L_b
100360020,poly_B Site 20 SiteType L_b
100360021,poly_B Site 21 SiteType L_b
100360022,poly_B Site 22 SiteType B
100360023,poly_B Site 23 SiteType L_b
100360024,poly_B Site 24 SiteType L_b
100360025,poly_B Site 25 SiteType L_b
100360026,poly_B Site 26 SiteType B
100360027,poly_B Site 27 SiteType L_b
100360028,poly_B Site 28 SiteType L_b
100360029,poly_B Site 29 SiteType L_b
100360030,poly_B Site 30 SiteType B
100360031,poly_B Site 31 SiteType L_b
100370000,poly_B Site 0 SiteType L_b
100370001,poly_B Site 1 SiteType L_b
100370002,poly_B Site 2 SiteType B
100370003,poly_B Site 3 SiteType L_b
100370004,poly_B Site 4 SiteType L_b
100370005,poly_B Site 5 SiteType L_b
100370006,poly_B Site 6 SiteType B
100370007,poly_B Site 7 SiteType L_b
100370008,poly_B Site 8 SiteType L_b
100370009,poly_B Site 9 SiteType L_b
100370010,poly_B Site 10 SiteType B
100370011,poly_B Site 11 SiteType L_b
100370012,poly_B Site 12 SiteType L_b
100370013,poly_B Site 13 SiteType L_b
100370014,poly_B Site 14 SiteType B
100370015,poly_B Site 15 SiteType L_b
100370016,poly_B Site 16 SiteType L_b
100370017,poly_B Site 17 SiteType L_b
100370018,poly_B Site 18 SiteType B
100370019,poly_B Site 19 SiteType L_b
100370020,poly_B Site 20 SiteType L_b
100370021,poly_B Site 21 SiteType L_b
100370022,poly_B Site 22 SiteType B
100370023,poly_B Site 23 SiteType L_b
100370024,poly_B Site 24 SiteType L_b
100370025,poly_B Site 25 SiteType L_b
100370026,poly_B Site 26 SiteType B
100370027,poly_B Site 27 SiteType L_b
100370028,poly_B Site 28 SiteType L_b
100370029,poly_B Site 29 SiteType L_b
100370030,poly_B Site 30 SiteType B
100370031,poly_B Site 31 SiteType L_b
100380000,poly_B Site 0 SiteType L_b
100380001,poly_B Site 1 SiteType L_b
100380002,poly_B Site 2 SiteType B
100380003,poly_B Site 3 SiteType L_b
100380004,poly_B Site 4 SiteType L_b
100380005,poly_B Site 5 SiteType L_b
100380006,poly_B Site 6 SiteType B
100380007,poly_B Site 7 SiteType L_b
100380008,poly_B Site 8 SiteType L_b
100380009,poly_B Site 9 SiteType L_b
100380010,poly_B Site 10 SiteType B
100380011,poly_B Site 11 SiteType L_b
100380012,poly_B Site 12 SiteType L_b
100380013,poly_B Site 13 SiteType L_b
100380014,poly_B Site 14 SiteType B
100380015,poly_B Site 15 SiteType L_b
100380016,poly_B Site 16 SiteType L_b
100380017,poly_B Site 17 SiteType L_b
100380018,poly_B Site 18 SiteType B
100380019,poly_B Site 19 SiteType L_b
100380020,poly_B Site 20 SiteType L_b
100380021,poly_B Site 21 SiteType L_b
100380022,poly_B Site 22 SiteType B
100380023,poly_B Site 23 SiteType L_b
100380024,poly_B Site 24 SiteType L_b
100380025,poly_B Site 25 SiteType L_b
100380026,poly_B Site 26 SiteType B
100380027,poly_B Site 27 SiteType L_b
100380028,poly_B Site 28 SiteType L_b
100380029,poly_B Site 29 SiteType L_b
100380030,poly_B Site 30 SiteType B
100380031,poly_B Site 31 SiteType L_b
100390000,poly_B Site 0 SiteType L_b
100390001,poly_B Site 1 SiteType L_b
100390002,poly_B Site 2 SiteType B
100390003,poly_B Site 3 SiteType L_b
100390004,poly_B Site 4 SiteType L_b
100390005,poly_B Site 5 SiteType L_b
100390006,poly_B Site 6 SiteType B
100390007,poly_B Site 7 SiteType L_b
100390008,poly_B Site 8 SiteType L_b
100390009,poly_B Site 9 SiteType L_b
100390010,poly_B Site 10 SiteType B
100390011,poly_B Site 11 SiteType L_b
100390012,poly_B Site 12 SiteType L_b
100390013,poly_B Site 13 SiteType L_b
100390014,poly_B Site 14 SiteType B
100390015,poly_B Site 15 SiteType L_b
100390016,poly_B Site 16 SiteType L_b
100390017,poly_B Site 17 SiteType L_b
100390018,poly_B Site 18 SiteType B
100390019,poly_B Site 19 SiteType L_b
100390020,poly_B Site 20 SiteType L_b
100390021,poly_B Site 21 SiteType L_b
100390022,poly_B Site 22 SiteType B
100390023,poly_B Site 23 SiteType L_b
100390024,poly_B Site 24 SiteType L_b
100390025,poly_B Site 25 SiteType L_b
100390026,poly_B Site 26 SiteType B
100390027,poly_B Site 27 SiteType L_b
100390028,poly_B Site 28 SiteType L_b
100390029,poly_B Site 29 SiteType L_b
100390030,poly_B Site 30 SiteType B
100390031,poly_B Site 31 SiteType L_b
100400000,poly_B Site 0 SiteType L_b
100400001,poly_B Site 1 SiteType L_b
100400002,poly_B Site 2 SiteType B
100400003,poly_B Site 3 SiteType L_b
100400004,poly_B Site 4 SiteType L_b
100400005,poly_B Site 5 SiteType L_b
100400006,poly_B Site 6 SiteType B
100400007,poly_B Site 7 SiteType L_b
100400008,poly_B Site 8 SiteType L_b
100400009,poly_B Site 9 SiteType L_b
100400010,poly_B Site 10 SiteType B
100400011,poly_B Site 11 SiteType L_b
100400012,poly_B Site 12 SiteType L_b
100400013,poly_B Site 13 SiteType L_b
100400014,poly_B Site 14 SiteType B
100400015,poly_B Site 15 SiteType L_b
100400016,poly_B Site 16 SiteType L_b
100400017,poly_B Site 17 SiteType L_b
100400018,poly_B Site 18 SiteType B
100400019,poly_B Site 19 SiteType L_b
100400020,poly_B Site 20 SiteType L_b
100400021,poly_B Site 21 SiteType L_b
100400022,poly_B Site 22 SiteType B
100400023,poly_B Site 23 SiteType L_b
100400024,poly_B Site 24 SiteType L_b
100400025,poly_B Site 25 SiteType L_b
100400026,poly_B Site 26 SiteType B
100400027,poly_B Site 27 SiteType L_b
100400028,poly_B Site 28 SiteType L_b
100400029,poly_B Site 29 SiteType L_b
100400030,poly_B Site 30 SiteType B
100400031,poly_B Site 31 SiteType L_b
100410000,poly_B Site 0 SiteType L_b
100410001,poly_B Site 1 SiteType L_b
100410002,poly_B Site 2 SiteType B
100410003,poly_B Site 3 SiteType L_b
100410004,poly_B Site 4 SiteType L_b
100410005,poly_B Site 5 SiteType L_b
100410006,poly_B Site 6 SiteType B
100410007,poly_B Site 7 SiteType L_b
100410008,poly_B Site 8 SiteType L_b
100410009,poly_B Site 9 SiteType L_b
100410010,poly_B Site 10 SiteType B
100410011,poly_B Site 11 SiteType L_b
100410012,poly_B Site 12 SiteType L_b
100410013,poly_B Site 13 SiteType L_b
100410014,poly_B Site 14 SiteType B
100410015,poly_B Site 15 SiteType L_b
100410016,poly_B Site 16 SiteType L_b
100410017,poly_B Site 17 SiteType L_b
100410018,poly_B Site 18 SiteType B
100410019,poly_B Site 19 SiteType L_b
100410020,poly_B Site 20 SiteType L_b
100410021,poly_B Site 21 SiteType L_b
100410022,poly_B Site 22 SiteType B
100410023,poly_B Site 23 SiteType L_b
100410024,poly_B Site 24 SiteType L_b
100410025,poly_B Site 25 SiteType L_b
100410026,poly_B Site 26 SiteType B
100410027,poly_B Site 27 SiteType L_b
100410028,poly_B Site 28 SiteType L_b
100410029,poly_B Site 29 SiteType L_b
100410030,poly_B Site 30 SiteType B
100410031,poly_B Site 31 SiteType L_b
100420000,poly_B Site 0 SiteType L_b
100420001,poly_B Site 1 SiteType L_b
100420002,poly_B Site 2 SiteType B
100420003,poly_B Site 3 SiteType L_b
100420004,poly_B Site 4 SiteType L_b
100420005,poly_B Site 5 SiteType L_b
100420006,poly_B Site 6 SiteType B
100420007,poly_B Site 7 SiteType L_b
100420008,poly_B Site 8 SiteType L_b
100420009,poly_B Site 9 SiteType L_b
100420010,poly_B Site 10 SiteType B
100420011,poly_B Site 11 SiteType L_b
100420012,poly_B Site 12 SiteType L_b
100420013,poly_B Site 13 SiteType L_b
100420014,poly_B Site 14 SiteType B
100420015,poly_B Site 15 SiteType L_b
100420016,poly_B Site 16 SiteType L_b
100420017,poly_B Site 17 SiteType L_b
100420018,poly_B Site 18 SiteType B
100420019,poly_B Site 19 SiteType L_b
100420020,poly_B Site 20 SiteType L_b
100420021,poly_B Site 21 SiteType L_b
100420022,poly_B Site 22 SiteType B
100420023,poly_B Site 23 SiteType L_b
100420024,poly_B Site 24 SiteType L_b
100420025,poly_B Site 25 SiteType L_b
100420026,poly_B Site 26 SiteType B
100420027,poly_B Site 27 SiteType L_b
100420028,poly_B Site 28 SiteType L_b
100420029,poly_B Site 29 SiteType L_b
100420030,poly_B Site 30 SiteType B
100420031,poly_B Site 31 SiteType L_b
100430000,poly_B Site 0 SiteType L_b
100430001,poly_B Site 1 SiteType L_b
100430002,poly_B Site 2 SiteType B
100430003,poly_B Site 3 SiteType L_b
100430004,poly_B Site 4 SiteType L_b
100430005,poly_B Site 5 SiteType L_b
100430006,poly_B Site 6 SiteType B
100430007,poly_B Site 7 SiteType L_b
100430008,poly_B Site 8 SiteType L_b
100430009,poly_B Site 9 SiteType L_b
100430010,poly_B Site 10 SiteType B
100430011,poly_B Site 11 SiteType L_b
100430012,poly_B Site 12 SiteType L_b
100430013,poly_B Site 13 SiteType L_b
100430014,poly_B Site 14 SiteType B
100430015,poly_B Site 15 SiteType L_b
100430016,poly_B Site 16 SiteType L_b
100430017,poly_B Site 17 SiteType L_b
100430018,poly_B Site 18 SiteType B
100430019,poly_B Site 19 SiteType L_b
100430020,poly_B Site 20 SiteType L_b
100430021,poly_B Site 21 SiteType L_b
100430022,poly_B Site 22 SiteType B
100430023,poly_B Site 23 SiteType L_b
100430024,poly_B Site 24 SiteType L_b
100430025,poly_B Site 25 SiteType L_b
100430026,poly_B Site 26 SiteType B
100430027,poly_B Site 27 SiteType L_b
100430028,poly_B Site 28 SiteType L_b
100430029,poly_B Site 29 SiteType L_b
100430030,poly_B Site 30 SiteType B
100430031,poly_B Site 31 SiteType L_b
100440000,poly_B Site 0 SiteType L_b
100440001,poly_B Site 1 SiteType L_b
100440002,poly_B Site 2 SiteType B
100440003,poly_B Site 3 SiteType L_b
100440004,poly_B Site 4 SiteType L_b
100440005,poly_B Site 5 SiteType L_b
100440006,poly_B Site 6 SiteType B
100440007,poly_B Site 7 SiteType L_b
100440008,poly_B Site 8 SiteType L_b
100440009,poly_B Site 9 SiteType L_b
100440010,poly_B Site 10 SiteType B
100440011,poly_B Site 11 SiteType L_b
100440012,poly_B Site 12 SiteType L_b
100440013,poly_B Site 13 SiteType L_b
100440014,poly_B Site 14 SiteType B
100440015,poly_B Site 15 SiteType L_b
100440016,poly_B Site 16 SiteType L_b
100440017,poly_B Site 17 SiteType L_b
100440018,poly_B Site 18 SiteType B
100440019,poly_B Site 19 SiteType L_b
100440020,poly_B Site 20 SiteType L_b
100440021,poly_B Site 21 SiteType L_b
100440022,poly_B Site 22 SiteType B
100440023,poly_B Site 23 SiteType L_b
100440024,poly_B Site 24 SiteType L_b
100440025,poly_B Site 25 SiteType L_b
100440026,poly_B Site 26 SiteType B
100440027,poly_B Site 27 SiteType L_b
100440028,poly_B Site 28 SiteType L_b
100440029,poly_B Site 29 SiteType L_b
100440030,poly_B Site 30 SiteType B
100440031,poly_B Site 31 SiteType L_b
100450000,poly_B Site 0 SiteType L_b
100450001,poly_B Site 1 SiteType L_b
100450002,poly_B Site 2 SiteType B
100450003,poly_B Site 3 SiteType L_b
100450004,poly_B Site 4 SiteType L_b
100450005,poly_B Site 5 SiteType L_b
100450006,poly_B Site 6 SiteType B
100450007,poly_B Site 7 SiteType L_b
100450008,poly_B Site 8 SiteType L_b
100450009,poly_B Site 9 SiteType L_b
100450010,poly_B Site 10 SiteType B
100450011,poly_B Site 11 SiteType L_b
100450012,poly_B Site 12 SiteType L_b
100450013,poly_B Site 13 SiteType L_b
100450014,poly_B Site 14 SiteType B
100450015,poly_B Site 15 SiteType L_b
100450016,poly_B Site 16 SiteType L_b
100450017,poly_B Site 17 SiteType L_b
100450018,poly_B Site 18 SiteType B
100450019,poly_B Site 19 SiteType L_b
100450020,poly_B Site 20 SiteType L_b
100450021,poly_B Site 21 SiteType L_b
100450022,poly_B Site 22 SiteType B
100450023,poly_B Site 23 SiteType L_b
100450024,poly_B Site 24 SiteType L_b
100450025,poly_B Site 25 SiteType L_b
100450026,poly_B Site 26 SiteType B
100450027,poly_B Site 27 SiteType L_b
100450028,poly_B Site 28 SiteType L_b
100450029,poly_B Site 29 SiteType L_b
100450030,poly_B Site 30 SiteType B
100450031,poly_B Site 31 SiteType L_b
100460000,poly_B Site 0 SiteType L_b
100460001,poly_B Site 1 SiteType L_b
100460002,poly_B Site 2 SiteType B
100460003,poly_B Site 3 SiteType L_b
100460004,poly_B Site 4 SiteType L_b
100460005,poly_B Site 5 SiteType L_b
100460006,poly_B Site 6 SiteType B
100460007,poly_B Site 7 SiteType L_b
100460008,poly_B Site 8 SiteType L_b
100460009,poly_B Site 9 SiteType L_b
100460010,poly_B Site 10 SiteType B
100460011,poly_B Site 11 SiteType L_b
100460012,poly_B Site 12 SiteType L_b
100460013,poly_B Site 13 SiteType L_b
100460014,poly_B Site 14 SiteType B
100460015,poly_B Site 15 SiteType L_b
100460016,poly_B Site 16 SiteType L_b
100460017,poly_B Site 17 SiteType L_b
100460018,poly_B Site 18 SiteType B
100460019,poly_B Site 19 SiteType L_b
100460020,poly_B Site 20 SiteType L_b
100460021,poly_B Site 21 SiteType L_b
100460022,poly_B Site 22 SiteType B
100460023,poly_B Site 23 SiteType L_b
100460024,poly_B Site 24 SiteType L_b
100460025,poly_B Site 25 SiteType L_b
100460026,poly_B Site 26 SiteType B
100460027,poly_B Site 27 SiteType L_b
100460028,poly_B Site 28 SiteType L_b
100460029,poly_B Site 29 SiteType L_b
100460030,poly_B Site 30 SiteType B
100460031,poly_B Site 31 SiteType L_b
100470000,poly_B Site 0 SiteType L_b
100470001,poly_B Site 1 SiteType L_b
100470002,poly_B Site 2 SiteType B
100470003,poly_B Site 3 SiteType L_b
100470004,poly_B Site 4 SiteType L_b
100470005,poly_B Site 5 SiteType L_b
100470006,poly_B Site 6 SiteType B
100470007,poly_B Site 7 SiteType L_b
100470008,poly_B Site 8 SiteType L_b
100470009,poly_B Site 9 SiteType L_b
100470010,poly_B Site 10 SiteType B
100470011,poly_B Site 11 SiteType L_b
100470012,poly_B Site 12 SiteType L_b
100470013,poly_B Site 13 SiteType L_b
100470014,poly_B Site 14 SiteType B
100470015,poly_B Site 15 SiteType L_b
100470016,poly_B Site 16 SiteType L_b
100470017,poly_B Site 17 SiteType L_b
100470018,poly_B Site 18 SiteType B
100470019,poly_B Site 19 SiteType L_b
100470020,poly_B Site 20 SiteType L_b
100470021,poly_B Site 21 SiteType L_b
100470022,poly_B Site 22 SiteType B
100470023,poly_B Site 23 SiteType L_b
100470024,poly_B Site 24 SiteType L_b
100470025,poly_B Site 25 SiteType L_b
100470026,poly_B Site 26 SiteType B
100470027,poly_B Site 27 SiteType L_b
100470028,poly_B Site 28 SiteType L_b
100470029,poly_B Site 29 SiteType L_b
100470030,poly_B Site 30 SiteType B
100470031,poly_B Site 31 SiteType L_b
100480000,poly_B Site 0 SiteType L_b
100480001,poly_B Site 1 SiteType L_b
100480002,poly_B Site 2 SiteType B
100480003,poly_B Site 3 SiteType L_b
100480004,poly_B Site 4 SiteType L_b
100480005,poly_B Site 5 SiteType L_b
100480006,poly_B Site 6 SiteType B
100480007,poly_B Site 7 SiteType L_b
100480008,poly_B Site 8 SiteType L_b
100480009,poly_B Site 9 SiteType L_b
100480010,poly_B Site 10 SiteType B
100480011,poly_B Site 11 SiteType L_b
100480012,poly_B Site 12 SiteType L_b
100480013,poly_B Site 13 SiteType L_b
100480014,poly_B Site 14 SiteType B
100480015,poly_B Site 15 SiteType L_b
100480016,poly_B Site 16 SiteType L_b
100480017,poly_B Site 17 SiteType L_b
100480018,poly_B Site 18 SiteType B
100480019,poly_B Site 19 SiteType L_b
100480020,poly_B Site 20 SiteType L_b
100480021,poly_B Site 21 SiteType L_b
100480022,poly_B Site 22 SiteType B
100480023,poly_B Site 23 SiteType L_b
100480024,poly_B Site 24 SiteType L_b
100480025,poly_B Site 25 SiteType L_b
100480026,poly_B Site 26 SiteType B
100480027,poly_B Site 27 SiteType L_b
100480028,poly_B Site 28 SiteType L_b
100480029,poly_B Site 29 SiteType L_b
100480030,poly_B Site 30 SiteType B
100480031,poly_B Site 31 SiteType L_b
100490000,poly_B Site 0 SiteType L_b
100490001,poly_B Site 1 SiteType L_b
100490002,poly_B Site 2 SiteType B
100490003,poly_B Site 3 SiteType L_b
100490004,poly_B Site 4 SiteType L_b
100490005,poly_B Site 5 SiteType L_b
100490006,poly_B Site 6 SiteType B
100490007,poly_B Site 7 SiteType L_b
100490008,poly_B Site 8 SiteType L_b
100490009,poly_B Site 9 SiteType L_b
100490010,poly_B Site 10 SiteType B
100490011,poly_B Site 11 SiteType L_b
100490012,poly_B Site 12 SiteType L_b
100490013,poly_B Site 13 SiteType L_b
100490014,poly_B Site 14 SiteType B
100490015,poly_B Site 15 SiteType L_b
100490016,poly_B Site 16 SiteType L_b
100490017,poly_B Site 17 SiteType L_b
100490018,poly_B Site 18 SiteType B
100490019,poly_B Site 19 SiteType L_b
100490020,poly_B Site 20 SiteType L_b
100490021,poly_B Site 21 SiteType L_b
100490022,poly_B Site 22 SiteType B
100490023,poly_B Site 23 SiteType L_b
100490024,poly_B Site 24 SiteType L_b
100490025,poly_B Site 25 SiteType L_b
100490026,poly_B Site 26 SiteType B
100490027,poly_B Site 27 SiteType L_b
100490028,poly_B Site 28 SiteType L_b
100490029,poly_B Site 29 SiteType L_b
100490030,poly_B Site 30 SiteType B
100490031,poly_B Site 31 SiteType L_b
100500000,poly_B Site 0 SiteType L_b
100500001,poly_B Site 1 SiteType L_b
100500002,poly_B Site 2 SiteType B
100500003,poly_B Site 3 SiteType L_b
100500004,poly_B Site 4 SiteType L_b
100500005,poly_B Site 5 SiteType L_b
100500006,poly_B Site 6 SiteType B
100500007,poly_B Site 7 SiteType L_b
100500008,poly_B Site 8 SiteType L_b
100500009,poly_B Site 9 SiteType L_b
100500010,poly_B Site 10 SiteType B
100500011,poly_B Site 11 SiteType L_b
100500012,poly_B Site 12 SiteType L_b
100500013,poly_B Site 13 SiteType L_b
100500014,poly_B Site 14 SiteType B
100500015,poly_B Site 15 SiteType L_b
100500016,poly_B Site 16 SiteType L_b
100500017,poly_B Site 17 SiteType L_b
100500018,poly_B Site 18 SiteType B
100500019,poly_B Site 19 SiteType L_b
100500020,poly_B Site 20 SiteType L_b
100500021,poly_B Site 21 SiteType L_b
100500022,poly_B Site 22 SiteType B
100500023,poly_B Site 23 SiteType L_b
100500024,poly_B Site 24 SiteType L_b
100500025,poly_B Site 25 SiteType L_b
100500026,poly_B Site 26 SiteType B
100500027,poly_B Site 27 SiteType L_b
100500028,poly_B Site 28 SiteType L_b
100500029,poly_B Site 29 SiteType L_b
100500030,poly_B Site 30 SiteType B
100500031,poly_B Site 31 SiteType L_b
100510000,poly_B Site 0 SiteType L_b
100510001,poly_B Site 1 SiteType L_b
100510002,poly_B Site 2 SiteType B
100510003,poly_B Site 3 SiteType L_b
100510004,poly_B Site 4 SiteType L_b
100510005,poly_B Site 5 SiteType L_b
100510006,poly_B Site 6 SiteType B
100510007,poly_B Site 7 SiteType L_b
100510008,poly_B Site 8 SiteType L_b
100510009,poly_B Site 9 SiteType L_b
100510010,poly_B Site 10 SiteType B
100510011,poly_B Site 11 SiteType L_b
100510012,poly_B Site 12 SiteType L_b
100510013,poly_B Site 13 SiteType L_b
100510014,poly_B Site 14 SiteType B
100510015,poly_B Site 15 SiteType L_b
100510016,poly_B Site 16 SiteType L_b
100510017,poly_B Site 17 SiteType L_b
100510018,poly_B Site 18 SiteType B
100510019,poly_B Site 19 SiteType L_b
100510020,poly_B Site 20 SiteType L_b
100510021,poly_B Site 21 SiteType L_b
100510022,poly_B Site 22 SiteType B
100510023,poly_B Site 23 SiteType L_b
100510024,poly_B Site 24 SiteType L_b
100510025,poly_B Site 25 SiteType L_b
100510026,poly_B Site 26 SiteType B
100510027,poly_B Site 27 SiteType L_b
100510028,poly_B Site 28 SiteType L_b
100510029,poly_B Site 29 SiteType L_b
100510030,poly_B Site 30 SiteType B
100510031,poly_B Site 31 SiteType L_b
100520000,poly_B Site 0 SiteType L_b
100520001,poly_B Site 1 SiteType L_b
100520002,poly_B Site 2 SiteType B
100520003,poly_B Site 3 SiteType L_b
100520004,poly_B Site 4 SiteType L_b
100520005,poly_B Site 5 SiteType L_b
100520006,poly_B Site 6 SiteType B
100520007,poly_B Site 7 SiteType L_b
100520008,poly_B Site 8 SiteType L_b
100520009,poly_B Site 9 SiteType L_b
100520010,poly_B Site 10 SiteType B
100520011,poly_B Site 11 SiteType L_b
100520012,poly_B Site 12 SiteType L_b
100520013,poly_B Site 13 SiteType L_b
100520014,poly_B Site 14 SiteType B
100520015,poly_B Site 15 SiteType L_b
100520016,poly_B Site 16 SiteType L_b
100520017,poly_B Site 17 SiteType L_b
100520018,poly_B Site 18 SiteType B
100520019,poly_B Site 19 SiteType L_b
100520020,poly_B Site 20 SiteType L_b
100520021,poly_B Site 21 SiteType L_b
100520022,poly_B Site 22 SiteType B
100520023,poly_B Site 23 SiteType L_b
100520024,poly_B Site 24 SiteType L_b
100520025,poly_B Site 25 SiteType L_b
100520026,poly_B Site 26 SiteType B
100520027,poly_B Site 27 SiteType L_b
100520028,poly_B Site 28 SiteType L_b
100520029,poly_B Site 29 SiteType L_b
100520030,poly_B Site 30 SiteType B
100520031,poly_B Site 31 SiteType L_b
100530000,poly_B Site 0 SiteType L_b
100530001,poly_B Site 1 SiteType L_b
100530002,poly_B Site 2 SiteType B
100530003,poly_B Site 3 SiteType L_b
100530004,poly_B Site 4 SiteType L_b
100530005,poly_B Site 5 SiteType L_b
100530006,poly_B Site 6 SiteType B
100530007,poly_B Site 7 SiteType L_b
100530008,poly_B Site 8 SiteType L_b
100530009,poly_B Site 9 SiteType L_b
100530010,poly_B Site 10 SiteType B
100530011,poly_B Site 11 SiteType L_b
100530012,poly_B Site 12 SiteType L_b
100530013,poly_B Site 13 SiteType L_b
100530014,poly_B Site 14 SiteType B
100530015,poly_B Site 15 SiteType L_b
100530016,poly_B Site 16 SiteType L_b
100530017,poly_B Site 17 SiteType L_b
100530018,poly_B Site 18 SiteType B
100530019,poly_B Site 19 SiteType L_b
100530020,poly_B Site 20 SiteType L_b
100530021,poly_B Site 21 SiteType L_b
100530022,poly_B Site 22 SiteType B
100530023,poly_B Site 23 SiteType L_b
100530024,poly_B Site 24 SiteType L_b
100530025,poly_B Site 25 SiteType L_b
100530026,poly_B Site 26 SiteType B
100530027,poly_B Site 27 SiteType L_b
100530028,poly_B Site 28 SiteType L_b
100530029,poly_B Site 29 SiteType L_b
100530030,poly_B Site 30 SiteType B
100530031,poly_B Site 31 SiteType L_b
100540000,poly_B Site 0 SiteType L_b
100540001,poly_B Site 1 SiteType L_b
100540002,poly_B Site 2 SiteType B
100540003,poly_B Site 3 SiteType L_b
100540004,poly_B Site 4 SiteType L_b
100540005,poly_B Site 5 SiteType L_b
100540006,poly_B Site 6 SiteType B
100540007,poly_B Site 7 SiteType L_b
100540008,poly_B Site 8 SiteType L_b
100540009,poly_B Site 9 SiteType L_b
100540010,poly_B Site 10 SiteType B
100540011,poly_B Site 11 SiteType L_b
100540012,poly_B Site 12 SiteType L_b
100540013,poly_B Site 13 SiteType L_b
100540014,poly_B Site 14 SiteType B
100540015,poly_B Site 15 SiteType L_b
100540016,poly_B Site 16 SiteType L_b
100540017,poly_B Site 17 SiteType L_b
100540018,poly_B Site 18 SiteType B
100540019,poly_B Site 19 SiteType L_b
100540020,poly_B Site 20 SiteType L_b
100540021,poly_B Site 21 SiteType L_b
100540022,poly_B Site 22 SiteType B
100540023,poly_B Site 23 SiteType L_b
100540024,poly_B Site 24 SiteType L_b
100540025,poly_B Site 25 SiteType L_b
100540026,poly_B Site 26 SiteType B
100540027,poly_B Site 27 SiteType L_b
100540028,poly_B Site 28 SiteType L_b
100540029,poly_B Site 29 SiteType L_b
100540030,poly_B Site 30 SiteType B
100540031,poly_B Site 31 SiteType L_b
100550000,poly_B Site 0 SiteType L_b
100550001,poly_B Site 1 SiteType L_b
100550002,poly_B Site 2 SiteType B
100550003,poly_B Site 3 SiteType L_b
100550004,poly_B Site 4 SiteType L_b
100550005,poly_B Site 5 SiteType L_b
100550006,poly_B Site 6 SiteType B
100550007,poly_B Site 7 SiteType L_b
100550008,poly_B Site 8 SiteType L_b
100550009,poly_B Site 9 SiteType L_b
100550010,poly_B Site 10 SiteType B
100550011,poly_B Site 11 SiteType L_b
100550012,poly_B Site 12 SiteType L_b
100550013,poly_B Site 13 SiteType L_b
100550014,poly_B Site 14 SiteType B
100550015,poly_B Site 15 SiteType L_b
100550016,poly_B Site 16 SiteType L_b
100550017,poly_B Site 17 SiteType L_b
100550018,poly_B Site 18 SiteType B
100550019,poly_B Site 19 SiteType L_b
100550020,poly_B Site 20 SiteType L_b
100550021,poly_B Site 21 SiteType L_b
100550022,poly_B Site 22 SiteType B
100550023,poly_B Site 23 SiteType L_b
100550024,poly_B Site 24 SiteType L_b
100550025,poly_B Site 25 SiteType L_b
100550026,poly_B Site 26 SiteType B
100550027,poly_B Site 27 SiteType L_b
100550028,poly_B Site 28 SiteType L_b
100550029,poly_B Site 29 SiteType L_b
100550030,poly_B Site 30 SiteType B
100550031,poly_B Site 31 SiteType L_b
100560000,poly_B Site 0 SiteType L_b
100560001,poly_B Site 1 SiteType L_b
100560002,poly_B Site 2 SiteType B
100560003,poly_B Site 3 SiteType L_b
100560004,poly_B Site 4 SiteType L_b
100560005,poly_B Site 5 SiteType L_b
100560006,poly_B Site 6 SiteType B
100560007,poly_B Site 7 SiteType L_b
100560008,poly_B Site 8 SiteType L_b
100560009,poly_B Site 9 SiteType L_b
100560010,poly_B Site 10 SiteType B
100560011,poly_B Site 11 SiteType L_b
100560012,poly_B Site 12 SiteType L_b
100560013,poly_B Site 13 SiteType L_b
100560014,poly_B Site 14 SiteType B
100560015,poly_B Site 15 SiteType L_b
100560016,poly_B Site 16 SiteType L_b
100560017,poly_B Site 17 SiteType L_b
100560018,poly_B Site 18 SiteType B
100560019,poly_B Site 19 SiteType L_b
100560020,poly_B Site 20 SiteType L_b
100560021,poly_B Site 21 SiteType L_b
100560022,poly_B Site 22 SiteType B
100560023,poly_B Site 23 SiteType L_b
100560024,poly_B Site 24 SiteType L_b
100560025,poly_B Site 25 SiteType L_b
100560026,poly_B Site 26 SiteType B
100560027,poly_B Site 27 SiteType L_b
100560028,poly_B Site 28 SiteType L_b
100560029,poly_B Site 29 SiteType L_b
100560030,poly_B Site 30 SiteType B
100560031,poly_B Site 31 SiteType L_b
100570000,poly_B Site 0 SiteType L_b
100570001,poly_B Site 1 SiteType L_b
100570002,poly_B Site 2 SiteType B
100570003,poly_B Site 3 SiteType L_b
100570004,poly_B Site 4 SiteType L_b
100570005,poly_B Site 5 SiteType L_b
100570006,poly_B Site 6 SiteType B
100570007,poly_B Site 7 SiteType L_b
100570008,poly_B Site 8 SiteType L_b
100570009,poly_B Site 9 SiteType L_b
100570010,poly_B Site 10 SiteType B
100570011,poly_B Site 11 SiteType L_b
100570012,poly_B Site 12 SiteType L_b
100570013,poly_B Site 13 SiteType L_b
100570014,poly_B Site 14 SiteType B
100570015,poly_B Site 15 SiteType L_b
100570016,poly_B Site 16 SiteType L_b
100570017,poly_B Site 17 SiteType L_b
100570018,poly_B Site 18 SiteType B
100570019,poly_B Site 19 SiteType L_b
100570020,poly_B Site 20 SiteType L_b
100570021,poly_B Site 21 SiteType L_b
100570022,poly_B Site 22 SiteType B
100570023,poly_B Site 23 SiteType L_b
100570024,poly_B Site 24 SiteType L_b
100570025,poly_B Site 25 SiteType L_b
100570026,poly_B Site 26 SiteType B
100570027,poly_B Site 27 SiteType L_b
100570028,poly_B Site 28 SiteType L_b
100570029,poly_B Site 29 SiteType L_b
100570030,poly_B Site 30 SiteType B
100570031,poly_B Site 31 SiteType L_b
100580000,poly_B Site 0 SiteType L_b
100580001,poly_B Site 1 SiteType L_b
100580002,poly_B Site 2 SiteType B
100580003,poly_B Site 3 SiteType L_b
100580004,poly_B Site 4 SiteType L_b
100580005,poly_B Site 5 SiteType L_b
100580006,poly_B Site 6 SiteType B
100580007,poly_B Site 7 SiteType L_b
100580008,poly_B Site 8 SiteType L_b
100580009,poly_B Site 9 SiteType L_b
100580010,poly_B Site 10 SiteType B
100580011,poly_B Site 11 SiteType L_b
100580012,poly_B Site 12 SiteType L_b
100580013,poly_B Site 13 SiteType L_b
100580014,poly_B Site 14 SiteType B
100580015,poly_B Site 15 SiteType L_b
100580016,poly_B Site 16 SiteType L_b
100580017,poly_B Site 17 SiteType L_b
100580018,poly_B Site 18 SiteType B
100580019,poly_B Site 19 SiteType L_b
100580020,poly_B Site 20 SiteType L_b
100580021,poly_B Site 21 SiteType L_b
100580022,poly_B Site 22 SiteType B
100580023,poly_B Site 23 SiteType L_b
100580024,poly_B Site 24 SiteType L_b
100580025,poly_B Site 25 SiteType L_b
100580026,poly_B Site 26 SiteType B
100580027,poly_B Site 27 SiteType L_b
100580028,poly_B Site 28 SiteType L_b
100580029,poly_B Site 29 SiteType L_b
100580030,poly_B Site 30 SiteType B
100580031,poly_B Site 31 SiteType L_b
100590000,poly_B Site 0 SiteType L_b
100590001,poly_B Site 1 SiteType L_b
100590002,poly_B Site 2 SiteType B
100590003,poly_B Site 3 SiteType L_b
100590004,poly_B Site 4 SiteType L_b
100590005,poly_B Site 5 SiteType L_b
100590006,poly_B Site 6 SiteType B
100590007,poly_B Site 7 SiteType L_b
100590008,poly_B Site 8 SiteType L_b
100590009,poly_B Site 9 SiteType L_b
100590010,poly_B Site 10 SiteType B
100590011,poly_B Site 11 SiteType L_b
100590012,poly_B Site 12 SiteType L_b
100590013,poly_B Site 13 SiteType L_b
100590014,poly_B Site 14 SiteType B
100590015,poly_B Site 15 SiteType L_b
100590016,poly_B Site 16 SiteType L_b
100590017,poly_B Site 17 SiteType L_b
100590018,poly_B Site 18 SiteType B
100590019,poly_B Site 19 SiteType L_b
100590020,poly_B Site 20 SiteType L_b
100590021,poly_B Site 21 SiteType L_b
100590022,poly_B Site 22 SiteType B
100590023,poly_B Site 23 SiteType L_b
100590024,poly_B Site 24 SiteType L_b
100590025,poly_B Site 25 SiteType L_b
100590026,poly_B Site 26 SiteType B
100590027,poly_B Site 27 SiteType L_b
100590028,poly_B Site 28 SiteType L_b
100590029,poly_B Site 29 SiteType L_b
100590030,poly_B Site 30 SiteType B
100590031,poly_B Site 31 SiteType L_b
